id,file_name,thumbnail_url,full_image_url
2824,AUSTIN_JENKINSON_09.jpg,albums/66/thumb_AUSTIN_JENKINSON_09.jpg,albums/66/AUSTIN_JENKINSON_09-1776289615397-861042580.jpg
2825,AUSTIN_JENKINSON_10.jpg,albums/66/thumb_AUSTIN_JENKINSON_10.jpg,albums/66/AUSTIN_JENKINSON_10-1776289615998-868524767.jpg
2826,AUSTIN_JENKINSON_09_MM.jpg,albums/66/thumb_AUSTIN_JENKINSON_09_MM.jpg,albums/66/AUSTIN_JENKINSON_09_MM-1776289617752-112726397.jpg
2827,AUSTIN_JENKINSON_10_MM.jpg,albums/66/thumb_AUSTIN_JENKINSON_10_MM.jpg,albums/66/AUSTIN_JENKINSON_10_MM-1776289617848-907616351.jpg
2828,AUSTIN_JENKINSON_11_MM.jpg,albums/66/thumb_AUSTIN_JENKINSON_11_MM.jpg,albums/66/AUSTIN_JENKINSON_11_MM-1776289618109-73724377.jpg
2829,AUSTIN_JENKINSON_11.jpg,albums/66/thumb_AUSTIN_JENKINSON_11.jpg,albums/66/AUSTIN_JENKINSON_11-1776289651558-374246672.jpg
2830,BRAEDEN_ANDERSEN_83_MM.jpg,albums/66/thumb_BRAEDEN_ANDERSEN_83_MM.jpg,albums/66/BRAEDEN_ANDERSEN_83_MM-1776289652710-39065844.jpg
2831,BRAEDEN_ANDERSEN_83.jpg,albums/66/thumb_BRAEDEN_ANDERSEN_83.jpg,albums/66/BRAEDEN_ANDERSEN_83-1776289653877-362985771.jpg
2832,BRAEDEN_ANDERSEN_84.jpg,albums/66/thumb_BRAEDEN_ANDERSEN_84.jpg,albums/66/BRAEDEN_ANDERSEN_84-1776289654347-284732623.jpg
2833,BRAEDEN_ANDERSEN_84_MM.jpg,albums/66/thumb_BRAEDEN_ANDERSEN_84_MM.jpg,albums/66/BRAEDEN_ANDERSEN_84_MM-1776289654931-245924177.jpg
2834,BRYCE_OLSON_85_MM.jpg,albums/66/thumb_BRYCE_OLSON_85_MM.jpg,albums/66/BRYCE_OLSON_85_MM-1776289702573-290099888.jpg
2835,BRYCE_OLSON_85.jpg,albums/66/thumb_BRYCE_OLSON_85.jpg,albums/66/BRYCE_OLSON_85-1776289718045-124550265.jpg
2836,BRYCE_OLSON_86.jpg,albums/66/thumb_BRYCE_OLSON_86.jpg,albums/66/BRYCE_OLSON_86-1776289720036-839221370.jpg
2837,BRYCE_OLSON_86_MM.jpg,albums/66/thumb_BRYCE_OLSON_86_MM.jpg,albums/66/BRYCE_OLSON_86_MM-1776289721691-391794973.jpg
2838,BRYCEN_CONROY_20_MM.jpg,albums/66/thumb_BRYCEN_CONROY_20_MM.jpg,albums/66/BRYCEN_CONROY_20_MM-1776289723696-276231044.jpg
2839,BRYCEN_CONROY_20.jpg,albums/66/thumb_BRYCEN_CONROY_20.jpg,albums/66/BRYCEN_CONROY_20-1776289771028-206671701.jpg
2840,BRYCEN_CONROY_21_MM.jpg,albums/66/thumb_BRYCEN_CONROY_21_MM.jpg,albums/66/BRYCEN_CONROY_21_MM-1776289798635-464286018.jpg
2841,BRYCEN_CONROY_21.jpg,albums/66/thumb_BRYCEN_CONROY_21.jpg,albums/66/BRYCEN_CONROY_21-1776289815611-41744923.jpg
2842,CODY_WILSON_14_MM.jpg,albums/66/thumb_CODY_WILSON_14_MM.jpg,albums/66/CODY_WILSON_14_MM-1776289822994-189151781.jpg
2843,CODY_WILSON_14.jpg,albums/66/thumb_CODY_WILSON_14.jpg,albums/66/CODY_WILSON_14-1776289825975-161889462.jpg
2844,CODY_WILSON_17_MM.jpg,albums/66/thumb_CODY_WILSON_17_MM.jpg,albums/66/CODY_WILSON_17_MM-1776289872692-267933212.jpg
2845,CODY_WILSON_17.jpg,albums/66/thumb_CODY_WILSON_17.jpg,albums/66/CODY_WILSON_17-1776289908695-4184433.jpg
2846,COLTON_WILSON_36_MM.jpg,albums/66/thumb_COLTON_WILSON_36_MM.jpg,albums/66/COLTON_WILSON_36_MM-1776289936670-809564419.jpg
2847,COLTON_WILSON_36.jpg,albums/66/thumb_COLTON_WILSON_36.jpg,albums/66/COLTON_WILSON_36-1776289954631-601028514.jpg
2848,COLTON_WILSON_37_MM.jpg,albums/66/thumb_COLTON_WILSON_37_MM.jpg,albums/66/COLTON_WILSON_37_MM-1776289964024-794529681.jpg
2849,COLTON_WILSON_37.jpg,albums/66/thumb_COLTON_WILSON_37.jpg,albums/66/COLTON_WILSON_37-1776290009729-68109743.jpg
2850,DRAKE_ENEROTH_18_MM.jpg,albums/66/thumb_DRAKE_ENEROTH_18_MM.jpg,albums/66/DRAKE_ENEROTH_18_MM-1776290054520-340940053.jpg
2851,DRAKE_ENEROTH_18.jpg,albums/66/thumb_DRAKE_ENEROTH_18.jpg,albums/66/DRAKE_ENEROTH_18-1776290086203-450571159.jpg
2852,DRAKE_ENEROTH_19_MM.jpg,albums/66/thumb_DRAKE_ENEROTH_19_MM.jpg,albums/66/DRAKE_ENEROTH_19_MM-1776290111281-472179881.jpg
2853,DRAKE_ENEROTH_19.jpg,albums/66/thumb_DRAKE_ENEROTH_19.jpg,albums/66/DRAKE_ENEROTH_19-1776290129783-776372610.jpg
2854,DUSTIN_AKERS_12_MM.jpg,albums/66/thumb_DUSTIN_AKERS_12_MM.jpg,albums/66/DUSTIN_AKERS_12_MM-1776290180556-163584756.jpg
2855,DUSTIN_AKERS_12.jpg,albums/66/thumb_DUSTIN_AKERS_12.jpg,albums/66/DUSTIN_AKERS_12-1776290225307-318718141.jpg
2856,DUSTIN_AKERS_13_MM.jpg,albums/66/thumb_DUSTIN_AKERS_13_MM.jpg,albums/66/DUSTIN_AKERS_13_MM-1776290272619-886306291.jpg
2857,DUSTIN_AKERS_13.jpg,albums/66/thumb_DUSTIN_AKERS_13.jpg,albums/66/DUSTIN_AKERS_13-1776290301889-659916416.jpg
2858,GREGORY_STILES_29_MM.jpg,albums/66/thumb_GREGORY_STILES_29_MM.jpg,albums/66/GREGORY_STILES_29_MM-1776290326700-138967650.jpg
2859,GREGORY_STILES_29.jpg,albums/66/thumb_GREGORY_STILES_29.jpg,albums/66/GREGORY_STILES_29-1776290385456-731077150.jpg
2860,JACKSON_ST CLAIR_26_MM.jpg,albums/66/thumb_JACKSON_ST CLAIR_26_MM.jpg,albums/66/JACKSON_ST-CLAIR_26_MM-1776290441438-232176849.jpg
2861,JACKSON_ST CLAIR_26.jpg,albums/66/thumb_JACKSON_ST CLAIR_26.jpg,albums/66/JACKSON_ST-CLAIR_26-1776290489102-530280506.jpg
2862,JACKSON_ST CLAIR_27_MM.jpg,albums/66/thumb_JACKSON_ST CLAIR_27_MM.jpg,albums/66/JACKSON_ST-CLAIR_27_MM-1776290522664-486887208.jpg
2863,JACKSON_ST CLAIR_27.jpg,albums/66/thumb_JACKSON_ST CLAIR_27.jpg,albums/66/JACKSON_ST-CLAIR_27-1776290551313-507520719.jpg
2864,JAYDEN_LEE_38_MM.jpg,albums/66/thumb_JAYDEN_LEE_38_MM.jpg,albums/66/JAYDEN_LEE_38_MM-1776290624440-968922972.jpg
2865,JAYDEN_LEE_38.jpg,albums/66/thumb_JAYDEN_LEE_38.jpg,albums/66/JAYDEN_LEE_38-1776290683311-515744117.jpg
2866,JOSE_RIVERA_24_MM.jpg,albums/66/thumb_JOSE_RIVERA_24_MM.jpg,albums/66/JOSE_RIVERA_24_MM-1776290734948-452533703.jpg
2867,JOSE_RIVERA_24.jpg,albums/66/thumb_JOSE_RIVERA_24.jpg,albums/66/JOSE_RIVERA_24-1776290768863-913543625.jpg
2868,JOSE_RIVERA_25_MM.jpg,albums/66/thumb_JOSE_RIVERA_25_MM.jpg,albums/66/JOSE_RIVERA_25_MM-1776290795878-88575910.jpg
2869,JOSE_RIVERA_25.jpg,albums/66/thumb_JOSE_RIVERA_25.jpg,albums/66/JOSE_RIVERA_25-1776290873051-587850795.jpg
2870,JULIAN_DARCY_15_MM.jpg,albums/66/thumb_JULIAN_DARCY_15_MM.jpg,albums/66/JULIAN_DARCY_15_MM-1776290929141-577259130.jpg
2871,JULIAN_DARCY_15.jpg,albums/66/thumb_JULIAN_DARCY_15.jpg,albums/66/JULIAN_DARCY_15-1776290979756-942729409.jpg
2872,JULIAN_DARCY_16_MM.jpg,albums/66/thumb_JULIAN_DARCY_16_MM.jpg,albums/66/JULIAN_DARCY_16_MM-1776291017488-456369445.jpg
2873,JULIAN_DARCY_16.jpg,albums/66/thumb_JULIAN_DARCY_16.jpg,albums/66/JULIAN_DARCY_16-1776291041631-883927026.jpg
2874,LUKE_REEDY_34_MM.jpg,albums/66/thumb_LUKE_REEDY_34_MM.jpg,albums/66/LUKE_REEDY_34_MM-1776291119029-744709926.jpg
2875,LUKE_REEDY_34.jpg,albums/66/thumb_LUKE_REEDY_34.jpg,albums/66/LUKE_REEDY_34-1776291175574-97855786.jpg
2876,LUKE_REEDY_35_MM.jpg,albums/66/thumb_LUKE_REEDY_35_MM.jpg,albums/66/LUKE_REEDY_35_MM-1776291225448-156875186.jpg
2877,LUKE_REEDY_35.jpg,albums/66/thumb_LUKE_REEDY_35.jpg,albums/66/LUKE_REEDY_35-1776291263577-615410816.jpg
2878,NATHAN_LEE_87_MM.jpg,albums/66/thumb_NATHAN_LEE_87_MM.jpg,albums/66/NATHAN_LEE_87_MM-1776291288475-589092503.jpg
2879,NATHAN_LEE_87.jpg,albums/66/thumb_NATHAN_LEE_87.jpg,albums/66/NATHAN_LEE_87-1776291364651-589752051.jpg
2880,NATHAN_LEE_88_MM.jpg,albums/66/thumb_NATHAN_LEE_88_MM.jpg,albums/66/NATHAN_LEE_88_MM-1776291422569-610622377.jpg
2881,NATHAN_LEE_88.jpg,albums/66/thumb_NATHAN_LEE_88.jpg,albums/66/NATHAN_LEE_88-1776291471498-104581.jpg
2882,OLIVER_ORDAZ_28_MM.jpg,albums/66/thumb_OLIVER_ORDAZ_28_MM.jpg,albums/66/OLIVER_ORDAZ_28_MM-1776291510082-57009554.jpg
2883,OLIVER_ORDAZ_28.jpg,albums/66/thumb_OLIVER_ORDAZ_28.jpg,albums/66/OLIVER_ORDAZ_28-1776291534522-812782909.jpg
2884,RADLY_LEMING_31_MM.jpg,albums/66/thumb_RADLY_LEMING_31_MM.jpg,albums/66/RADLY_LEMING_31_MM-1776291613431-921095815.jpg
2885,RADLY_LEMING_31.jpg,albums/66/thumb_RADLY_LEMING_31.jpg,albums/66/RADLY_LEMING_31-1776291669827-855002814.jpg
2886,RADLY_LEMING_32_MM.jpg,albums/66/thumb_RADLY_LEMING_32_MM.jpg,albums/66/RADLY_LEMING_32_MM-1776291720378-643803218.jpg
2887,RADLY_LEMING_32.jpg,albums/66/thumb_RADLY_LEMING_32.jpg,albums/66/RADLY_LEMING_32-1776291758515-143840094.jpg
2888,RADLY_LEMING_33_MM.jpg,albums/66/thumb_RADLY_LEMING_33_MM.jpg,albums/66/RADLY_LEMING_33_MM-1776291785963-17823104.jpg
2889,RADLY_LEMING_33.jpg,albums/66/thumb_RADLY_LEMING_33.jpg,albums/66/RADLY_LEMING_33-1776291860695-339843557.jpg
2890,SAWYER_MCGOWAN_30_MM.jpg,albums/66/thumb_SAWYER_MCGOWAN_30_MM.jpg,albums/66/SAWYER_MCGOWAN_30_MM-1776291917843-67061814.jpg